Workbook

Sheet About
A1: BTC BAU Transmission Capacity | B1: Georgia | C1: 45237
A3: Source: | B3: Current Value and Infrastructure Investment and Jobs Act Effects
B4: Americans for a Clean Energy Grid and Grid Strategies
B5: 2021
B6: Transmission Projects Ready to Go: Plugging Into America's Untapped Renewable Resources
B7: https://cleanenergygrid.org/wp-content/uploads/2019/04/Transmission-Projects-Ready-to-Go-Final.pdf
B8: Page 4
B10: Scaling
B11: National Renewable Energy Laboratory
B12: 2012
B13: Renewable Energy Futures Study: Volume 1
B14: http://www.nrel.gov/docs/fy12osti/52409-1.pdf
B15: Page 3-14, Figure 3-8

Sheet Data
A1: Transmission Growth
A2: BAU transmission capacity in 2010 is given in the figure caption as
A3: 150-200 million MW*miles. The graph shows the additional quantity
A4: of transmission being built in the "baseline" scenario, which extends
A5: to 2050 in the RE Futures Report. We assume the growth is linear
A6: and interpolate.
A8: Unfortunately, data are only available as a graph (not in numbers), so
A9: we must estimate by measuring pixels on the graph.
A11: 2010 Transmission (low estimate): | B11: =150*10^6 -> 150000000 | C11: MW*miles
A12: 2010 Transmission (high estimate): | B12: =200*10^6 -> 200000000 | C12: MW*miles
A13: 2010 Transmission: | B13: =AVERAGE(B11:B12) -> 175000000 | C13: MW*miles
A15: BAU New Transmission
A16: Pixels per 50 million MW*miles: | B16: 141 | C16: pixels
A17: Pixel height of new transmission: | B17: 15 | C17: pixels
A18: New transmission quantity in 2050 | B18: =B17/B16*50*10^6 -> 5319148.9 | C18: MW*miles
A21: 2010 | B21: =B13 -> 175000000
A22: 2050 | B22: =B13+B18 -> 1.8031915e+08
A24: 2010 | B24: 2011 | C24: 2012 | D24: 2013 | E24: 2014 | F24: 2015 | G24: 2016 | H24: 2017 | I24: 2018 | J24: 2019 | K24: 2020 | L24: 2021 | M24: 2022 | N24: 2023 | O24: 2024 | P24: 2025 | Q24: 2026 | R24: 2027 | S24: 2028 | T24: 2029 | U24: 2030 | V24: 2031 | W24: 2032 | X24: 2033 | Y24: 2034 | Z24: 2035 | AA24: 2036 | AB24: 2037 | AC24: 2038 | AD24: 2039 | AE24: 2040 | AF24: 2041 | AG24: 2042 | AH24: 2043 | AI24: 2044 | AJ24: 2045 | AK24: 2046 | AL24: 2047 | AM24: 2048 | AN24: 2049 | AO24: 2050
A25: {=TREND($B$21:$B$22,$A$21:$A$22,A24)} -> 175000000 | B25: {=TREND($B$21:$B$22,$A$21:$A$22,B24)} -> 1.7513298e+08 | C25: {=TREND($B$21:$B$22,$A$21:$A$22,C24)} -> 1.7526596e+08 | D25: {=TREND($B$21:$B$22,$A$21:$A$22,D24)} -> 1.7539894e+08 | E25: {=TREND($B$21:$B$22,$A$21:$A$22,E24)} -> 1.7553191e+08 | F25: {=TREND($B$21:$B$22,$A$21:$A$22,F24)} -> 1.7566489e+08 | G25: {=TREND($B$21:$B$22,$A$21:$A$22,G24)} -> 1.7579787e+08 | H25: {=TREND($B$21:$B$22,$A$21:$A$22,H24)} -> 1.7593085e+08 | ... AO25: {=TREND($B$21:$B$22,$A$21:$A$22,AO24)} -> 1.8031915e+08
A27: Indexed to 2020
A29: 2021 Transmission Value | B29: =150*10^6 -> 150000000
A31: 2020 | B31: 2021 | C31: 2022 | D31: 2023 | E31: 2024 | F31: 2025 | G31: 2026 | H31: 2027 | I31: 2028 | J31: 2029 | K31: 2030 | L31: 2031 | M31: 2032 | N31: 2033 | O31: 2034 | P31: 2035 | Q31: 2036 | R31: 2037 | S31: 2038 | T31: 2039 | U31: 2040 | V31: 2041 | W31: 2042 | X31: 2043 | Y31: 2044 | Z31: 2045 | AA31: 2046 | AB31: 2047 | AC31: 2048 | AD31: 2049 | AE31: 2050
A32: =B29 -> 150000000 | B32: =$A$32*L25/$K$25 -> 1.5011312e+08 | C32: =$A$32*M25/$K$25 -> 1.5022624e+08 | D32: =$A$32*N25/$K$25 -> 1.5033937e+08 | E32: =$A$32*O25/$K$25 -> 1.5045249e+08 | F32: =$A$32*P25/$K$25 -> 1.5056561e+08 | G32: =$A$32*Q25/$K$25 -> 1.5067873e+08 | H32: =$A$32*R25/$K$25 -> 1.5079186e+08 | I32: =$A$32*S25/$K$25 -> 1.5090498e+08 | ... AE32: =$A$32*AO25/$K$25 -> 1.5339367e+08

Sheet IIJA
A1: Number of MW-miles proposed | B1: =17*10^6 -> 17000000
A2: Proposed investment | B2: =33*10^9 -> 33000000000
A3: IIJA Funding | B3: =500000000*5 -> 2500000000
A4: Number of MW-miles installed through 2030* | B4: =B1/B2*B3 -> 1287878.8
A6: *assume funding is available through 2026, but due to the long nature of transmission projects,
A7: some lines may come online after 2026
B9: 2020 | C9: 2021 | D9: 2022 | E9: 2023 | F9: 2024 | G9: 2025 | H9: 2026 | I9: 2027 | J9: 2028 | K9: 2029 | L9: 2030 | M9: 2031 | N9: 2032 | O9: 2033 | P9: 2034 | Q9: 2035 | R9: 2036 | S9: 2037 | T9: 2038 | U9: 2039 | V9: 2040 | W9: 2041 | X9: 2042 | Y9: 2043 | Z9: 2044 | AA9: 2045 | AB9: 2046 | AC9: 2047 | AD9: 2048 | AE9: 2049 | AF9: 2050
A10: additional capacity (MW-miles) | B10: 0 | C10: 0 | D10: =$B$4/9 -> 143097.64 | E10: =$B$4/9+D10 -> 286195.29 | F10: =$B$4/9+E10 -> 429292.93 | G10: =$B$4/9+F10 -> 572390.57 | H10: =$B$4/9+G10 -> 715488.22 | I10: =$B$4/9+H10 -> 858585.86 | J10: =$B$4/9+I10 -> 1001683.5 | K10: =$B$4/9+J10 -> 1144781.1 | L10: =$B$4/9+K10 -> 1287878.8 | M10: =$L$10 -> 1287878.8 | N10: =$L$10 -> 1287878.8 | O10: =$L$10 -> 1287878.8 | P10: =$L$10 -> 1287878.8 | Q10: =$L$10 -> 1287878.8 | R10: =$L$10 -> 1287878.8 | S10: =$L$10 -> 1287878.8 | T10: =$L$10 -> 1287878.8 | ... AF10: =$L$10 -> 1287878.8

Sheet BTC
B1: 2020 | C1: 2021 | D1: 2022 | E1: 2023 | F1: 2024 | G1: 2025 | H1: 2026 | I1: 2027 | J1: 2028 | K1: 2029 | L1: 2030 | M1: 2031 | N1: 2032 | O1: 2033 | P1: 2034 | Q1: 2035 | R1: 2036 | S1: 2037 | T1: 2038 | U1: 2039 | V1: 2040 | W1: 2041 | X1: 2042 | Y1: 2043 | Z1: 2044 | AA1: 2045 | AB1: 2046 | AC1: 2047 | AD1: 2048 | AE1: 2049 | AF1: 2050
A2: BAU Transmission Capacity (MW-miles) | B2: =Data!A32+IIJA!B10 -> 150000000 | C2: =Data!B32+IIJA!C10 -> 1.5011312e+08 | D2: =Data!C32+IIJA!D10 -> 1.5036934e+08 | E2: =Data!D32+IIJA!E10 -> 1.5062556e+08 | F2: =Data!E32+IIJA!F10 -> 1.5088178e+08 | G2: =Data!F32+IIJA!G10 -> 1.51138e+08 | H2: =Data!G32+IIJA!H10 -> 1.5139422e+08 | I2: =Data!H32+IIJA!I10 -> 1.5165044e+08 | ... AF2: =Data!AE32+IIJA!AF10 -> 1.5468154e+08
